Company Name,Website,City / Location (Pune),What They Make,Revenue Band (Estimate),Segment,Expected Federer Band,Confidence,Status,Decision Maker,Decision Maker Background,E1 Producer,E1 Evidence,E2 Accessible,E2 Evidence,C3 Score,C3 Evidence,C4 Score,C4 Evidence,C5 Score,C5 Evidence,C6 Score,C6 Evidence,C7 Score,C7 Evidence,C8 Score,C8 Evidence,Federer Score,Band,Verdict,Personalization Hook,Sources
Meritech,meritech.in,Pune (two manufacturing plants),"Camshafts and precision-ground gears for automotive OEMs, hydraulics, defence and oil & gas customers; ~2 million camshafts/gears produced annually","Rs.30-100Cr (estimate; registered as an MSME 'small enterprise' under Udyam, which caps turnover well below Rs.500Cr, so comfortably inside the target band)",Precision Auto Components & Engineering,B,Medium,Priority 2,Mr. Abhay Khanapure (Proprietor),Long-tenured proprietor; company built around precision grinding rather than a single celebrity founder story. No press profile of the proprietor was located.,PASS,"Two in-house manufacturing plants; fits its own components using Landis, Junker and Studer precision grinding machines (company website, product pages).",PASS,"Direct phone, email and two physical plant addresses listed on meritech.in; not an aggregator/portal-only listing.",20,"IATF 16949:2016 (automotive-specific quality system, harder to obtain than plain ISO 9001) plus ISO 9001:2015; uses Swiss/German-class grinding machines (Landis, Junker, Studer) -- a real capability moat versus a basic job shop.",8,"No advanced degree or ex-corporate pedigree found for the proprietor, but the company has invested in IATF certification and multiple precision grinding lines, showing systems-minded operation rather than pure relationship-selling.",8,"Sits in auto-component manufacturing (camshafts/gears), a PLI/Make-in-India eligible category with steady replacement and export demand; not a hyper-growth niche, so scored moderate rather than strong.",8,Company is actively hiring engineers with 10+ years' experience (current job posting found on its careers page) -- one concrete growth signal (Hiring). No facility-expansion or funding news found.,20,Dual certification (ISO 9001:2015 + IATF 16949:2016) across two plants is a meaningfully mature quality system for a company this size.,0,"Single named proprietor; no second-generation family member, professional director, or succession signal found in public sources.",64,B,"Worth outreach -- strong technical certification (IATF 16949) is the hook, but confirm true revenue and ownership structure (sole proprietorship can mean concentrated decision-making, which cuts both ways) before investing heavy founder time.","IATF 16949:2016 certification (an automotive-specific standard well beyond what most Rs.30-100Cr job shops bother obtaining) suggests the proprietor already thinks in 'systems', which maps directly onto Deep Thought's scientific-execution pitch.","meritech.in (Home, Quality, Careers pages)"
Ravikiran Engineering Pvt. Ltd.,ravikiranengineering.com,Pune (two manufacturing facilities),"Precision-turned and machined automotive, hydraulics and general-engineering components held to +/-20 micron tolerance; 40+ CNC and conventional lathes","Rs.30-100Cr (estimate based on 100+ employees across two facilities and active exports; ZoomInfo lists <$5M but third-party scrapes routinely understate revenue for Indian SMEs, so treated as a floor, not a ceiling)",Precision Auto Components & Engineering,A,High,Priority 1,Family ownership across three generations (named family principals not individually published on the site),"Family-run since 1980, now in its third generation -- explicitly described as a three-generation family business on the company's own About page.",PASS,Two own manufacturing facilities with 40+ CNC/conventional lathes; the company's own marketing describes in-house tolerance and inspection capability rather than trading.,PASS,Independent company website with phone/email and named facility locations; not buried inside a portal listing only.,20,"CBAM (EU Carbon Border Adjustment) and PED 2014/68/EU compliance for European exports, plus +/-20 micron tolerance capability -- both are real technical/regulatory differentiators, not generic 'quality' language.",8,Three-generation family operating history with explicit ISO 9001:2015 and CBAM/PED compliance investment shows continuous reinvestment in capability rather than a single static skill set.,15,"Exports to Europe, the USA and the Middle East with a public 'major expansion to meet global demand' press release (Sept 2024) explicitly tied to rising export orders -- a stronger, dated tailwind than most peers in this list.",15,"Two concrete signals: (1) dated facility-expansion press release (2024) explicitly citing global demand growth, and (2) an actively maintained website with current (2025-2026) page content.",20,"ISO 9001:2015 plus CBAM and PED 2014/68/EU compliance is a more demanding, export-grade systems stack than a single domestic ISO certificate.",15,"The company explicitly markets itself as a three-generation family business, which is the clearest 'next generation already engaged' signal found in this entire research pass.",93,A,"Strongest single candidate found in this pass -- export-grade certifications, dated 2024 expansion news, and an explicit three-generation succession story line up almost exactly with Deep Thought's stated ICP example.","A 45-year-old, third-generation family manufacturer that just announced a 2024 expansion to meet *global* demand is the textbook 'founder built it, now needs an institution-builder to scale execution' story -- worth opening with the CBAM/PED export angle specifically.","ravikiranengineering.com (About, Facilities pages); 2024 'Major Expansion to Meet Global Demand' press release indexed via company site"
Robocon CNC,roboconcnc.com,"Bhosari MIDC, Pune","Multi-axis (3 to 5-axis) CNC-machined precision components for automotive, EV and medical customers",Unknown -- could not verify; likely <Rs.30Cr given small/contradictory company-age signals,Precision Auto Components & Engineering,C,Low,Backup,Mr. Sachin Pawar,25+ years of CNC precision-manufacturing experience per the company's own site; no independent profile found.,PASS,"Describes its own MIDC Bhosari shop floor, ERP-controlled job scheduling and lean production -- producer language, not reseller.",PASS,"Direct website with phone/email; independently reachable, not portal-only.",10,"Genuine multi-axis CNC capability and export diversity (USA, Europe, France, Israel, Germany) but no formal certification (ISO/IATF) was located, so this sits at 'some specialization' rather than a hard moat.",8,"Founder has a credible 25-year technical track record, but no evidence of formal systems-building (no named QMS, no described process discipline beyond 'lean/ERP').",8,"Auto/EV/medical contract machining is a reasonably healthy, PLI-adjacent segment -- moderate tailwind, not a standout one.",8,"Actively maintained website (2026 content found) and a broad, multi-country export footprint are the only signals found; no hiring, facility or funding news.",10,"Mentions 'ISO-compliant processes' and ERP-controlled scheduling, but no specific certificate number or system name was verifiable -- moderate, not strong, evidence.",0,Two named operators (a founder and an operations executive); no family-succession or professional-board signal found.,44,C,"Borderline -- worth a light-touch follow-up rather than a Tier-1 personalized outreach. IMPORTANT DATA-QUALITY FLAG: one third-party directory lists the company as 'established 2020' while the company's own site says it was 'founded in 2005' -- this discrepancy was not resolved and should be verified before any outreach, since it materially affects how the company-age criteria should be read.","Export footprint spanning five countries (USA, Europe, France, Israel, Germany) for a company this size is unusual and worth probing -- but confirm the actual founding date first.",roboconcnc.com; third-party B2B directory listing (founding-date conflict noted)
Sadguru Autocomponents,sadgurudiecast.com,"Chakan, Pune","High-pressure die-cast aluminium components (~1,500 tonnes/year) for two-wheeler and automotive OEMs, plus export parts for electrical/surgical applications","Rs.30-100Cr (estimate; LinkedIn lists 11-50 employees, consistent with a focused single-process die-casting shop in this band)",Precision Auto Components & Engineering,B,Medium,Priority 2,Managing Director (named individual not published; active on company social channels),"No independent profile found; MD is visibly active in company communications (e.g., public Republic Day post).",PASS,"Operates its own HPDC (high-pressure die-casting) machines from Japan, Taiwan and Italy at a Chakan facility; processes ~1,500 tonnes of aluminium per year in-house.",PASS,"Independent company website, phone/email, and a named Chakan plant address.",20,"Named, named-brand OEM customers (Bajaj, Mahindra, Harley-Davidson) plus Japanese/Taiwanese/Italian HPDC machinery and TPM/TQM/5S practice on the shop floor -- this is real, verifiable differentiation, not generic marketing copy.",8,TPM/TQM/5S discipline and ISO 9001:2015 (TUV Nord-certified) investment show operational systems-thinking even without a published founder pedigree.,8,"Two-wheeler/auto die-casting plus an export line into European electrical and surgical-component markets -- a moderately healthy, diversifying demand base.",8,"Exhibited at GIFA Bangkok, an international foundry trade show -- a concrete export/visibility signal, though no facility-expansion or hiring news was found.",20,ISO 9001:2015 (TUV Nord) plus documented TPM/TQM/5S shop-floor discipline is a genuinely mature systems stack for a company this size.,0,Single MD identified; no second leadership layer or succession signal found.,64,B,"Worth outreach -- named OEM clients (Bajaj, Mahindra, Harley-Davidson) are the strongest verifiable hook in this band.","Supplying Harley-Davidson alongside Bajaj and Mahindra from a Chakan die-casting shop is the kind of credibility marker most companies this size would lead with -- yet the company's own site frames it almost in passing, suggesting an execution/storytelling gap Deep Thought could speak directly to.","sadgurudiecast.com (About, Quality, Clients pages); LinkedIn company page; GIFA Bangkok exhibitor records"
Raj Tools & Stamping Pvt. Ltd.,rajtools.co.in,"Chikhali, Pune","Sheet-metal press tools, stamping dies and tooling (tandem, transfer, progressive and proto tools) for automotive OEMs","Rs.30-100Cr (estimate; LinkedIn lists 51-200 employees and the company has tripled its built-up area in 18 months, both consistent with this band rather than the smaller Rs.<30Cr tier)",Precision Auto Components & Engineering,B,High,Priority 1,Mr. Rajshekhar Hugar and Mr. Siddaram Hugar (Directors),"Two named directors run the company day-to-day (per company contact page and MCA filings); originally founded as 'Raj Tools' in 2012, reincorporated as Raj Tools & Stamping Pvt. Ltd. in Dec 2022.",PASS,"Operates its own 1,200- and 800-ton press machines, Sodick wire-cut machines, large-format VMCs, and a dedicated tool room -- 100% in-house tooling capability per the company's own site.",PASS,Independent website with named directors' direct phone numbers and a registered MCA address (Zauba Corp filing).,20,"Named, verifiable OEM customer list (Tata Motors, Mahindra, Bajaj, TVS, FIAT, VW, Godrej Group) plus Pam-Stamp simulation software and large 1200/800-ton presses -- a strong, specific moat.",8,"Two-director partnership with no published advanced-degree pedigree, but clear reinvestment discipline (three facility expansions inside 18 months) shows active operating skill.",8,"Automotive sheet-metal tooling for major OEMs is a steady, PLI-adjacent segment with moderate rather than explosive growth.",15,"Two clear, dated signals inside the last 18 months: facility expansion from 22,000 to 60,000 sq ft, a new corporate office (Jan 2025), and a newly inaugurated Unit-2 (Sept 2025) -- among the strongest, most recent growth evidence found anywhere in this research pass.",20,ISO 9001:2015 certification plus Pam-Stamp simulation software and a dedicated design team is a real systems investment.,8,"Two named co-directors (the Hugar brothers) jointly run the company -- moderate succession/leadership-depth evidence, though no clear next-generation signal beyond the existing partnership.",79,B,"Strong outreach candidate -- the most concrete, recently-dated growth evidence (three facility expansions in 18 months) in the entire B-band; named blue-chip OEM clients add credibility.","Tripling floor space and opening a second unit inside 18 months, while still operating as a young (2022-incorporated) entity built on a 2012-founded shop, is exactly the 'growing faster than its systems can keep up' situation Deep Thought's pitch is built around.","rajtools.co.in (Home, Stamping Tool, Contact pages); ZaubaCorp company filing (CIN U28996PN2022PTC214115)"
SKS Fasteners Ltd.,sksfasteners.com,"Chakan, Pune (now four manufacturing plants)","High-tensile standard and special cold-forged fasteners (bolts, studs, screws) for automotive, agri-machinery, construction-equipment and energy customers; 30,000 MT/year capacity, doubling to 60,000 MTPA",Rs.300-500Cr (confirmed: Rs.426Cr FY25 revenue per Tracxn/Tofler company filings -- inside the target band but close to its upper edge),Precision Auto Components & Engineering,A,High,Priority 1,"Mr. Sushil Kumar (S.K.) Bindal (Chairman); Mr. Sudhanshu Bindal (Executive Director, second generation)","S.K. Bindal previously helped set up the JBM Group and received the 'Udyog Ratna' (1988) and 'Export Excellence' (1994) awards; his son Sudhanshu Bindal now sits as Executive Director alongside independent professional directors (Vinodkumar Jain, Rajiv Kumar Agarwal) on an 8-member board.",PASS,"Owns and operates forging/thread-rolling machines, a NABL-accredited lab, in-house tool manufacturing, SCADA-automated plating and heat-treatment plants, across what will be four owned manufacturing facilities.",PASS,"Independent corporate website, registered office, and direct contact details; also a rated, ICRA-covered public-limited company with published filings.",20,"Holds international fastener-technology licences (Magni, Geomet, MAThread, Taptite, Torx), a NABL-accredited test lab, and named OEM relationships (Mahindra & Mahindra, Tata Motors, Ashok Leyland) -- a clear, well-documented capability moat.",15,Founder built and exited a stake in the JBM Group before founding SKS; second generation now in an operating Executive Director role alongside two independent professional directors on the board -- strong evidence of deliberate institution-building rather than ad hoc management.,15,"ICRA's own 2025 rating note explicitly cites rising export share (1% in FY19 to 31%+ by FY24) and continued healthy demand from M&HCV/automotive OEMs -- a documented, dated tailwind, not an assumption.",15,"Multiple concrete, dated signals: commissioning of a fourth plant doubling capacity to 60,000 MTPA, a Rs.200 crore capex programme (FY26-27), and 14-21% YoY revenue growth in FY24-FY25 per ICRA.",20,"ISO/TS 16949, ISO 14001, NABL-accredited laboratory and SCADA-controlled plating/heat-treatment plants together represent the most mature, independently verified systems stack found in this research pass.",15,"Second-generation Executive Director (Sudhanshu Bindal) actively operating alongside two independent, non-family professional directors -- the clearest combination of founder legacy, next-gen involvement and professionalised governance found in the candidate pool.",100,A,"Top-priority outreach target -- every Federer criterion is independently documented (ICRA credit-rating notes, MCA filings, named board members), not just company marketing copy. Note: at Rs.426Cr it sits toward the top of the acceptable revenue band, so this should be flagged for Deep Thought to confirm it isn't already 'too large' for the desired engagement size.","A founder who helped scale the JBM Group before starting SKS, now mid-capex on a fourth plant with his son as Executive Director and two outside professional directors already on the board, is already mid-way through exactly the institution-building journey Deep Thought sells -- the conversation is 'how do we systematize what's already working,' not 'why would you need this.'","sksfasteners.com; ICRA rating rationale reports (2022, 2024, 2025); Tracxn and Tofler company filings (CIN U27109PN1996PLC131826)"
Varad Automation & Robotics Pvt. Ltd. (brand: Visimaster),varadautomation.com,"Bhosari MIDC, Pune","AI/deep-learning-powered machine-vision inspection and optical sorting machines (branded Visimaster) for fastener, automotive and rubber-component quality control","Unknown -- no figure found; estimated Rs.<30Cr given small, single-product-line scale",Industrial Sensors & Instrumentation,C,Low,Backup,Mr. Ganesh Sakhare (Founder),No independent profile found beyond the company's own materials crediting him as founder.,PASS,Designs and manufactures its own vision-inspection hardware and in-house software at a Bhosari facility; sells under its own Visimaster brand rather than reselling third-party machines.,PASS,"Independent website, direct phone/email, named plot address in Bhosari.",20,"Genuinely proprietary AI/deep-learning vision-inspection software and SPC (statistical process control) reporting built in-house -- a real, demonstrable technology moat in a narrow niche.",8,Founder is technically credible (the product itself is non-trivial machine-vision engineering) but no formal quality-system or commercial pedigree was found.,8,"Quality-inspection automation for fastener/automotive components is a steady, moderately growing niche tied to broader Make-in-India quality mandates.",8,"A 2025 'Foundation Day Awards' social post is the only dated activity signal found; no hiring, facility or funding news located.",10,In-house SPC/data-logging software is real but no formal ISO certification was found for the company itself.,0,"Single named founder; no co-founder, family member or professional director identified.",54,C,"Borderline -- the technology differentiation (C3) is genuinely the strongest reason to keep this on the list, but everything else about the business (scale, systems, succession) is thin and unverified.","A company building its own AI-powered vision-inspection software in-house, but with seemingly little formalized quality-system or growth documentation, is a classic 'great product, weak institution' profile.","varadautomation.com (Home, Company Profile, Services pages)"
Jayashree Encoders Pvt. Ltd.,jencoder.com,"Bhosari MIDC, Pune","Optical incremental rotary shaft encoders (brand: JENCODER) for elevators, textiles, printing, packaging, wind turbines and servo-motor feedback applications","Unknown -- no figure found; estimated Rs.30-100Cr given claimed market leadership and 100,000+ field installations",Industrial Sensors & Instrumentation,B,Medium,Priority 2,Mr. H.E. Nawale (Engineering) and Mr. D. Shiralkar (Marketing Head) lead named functions; overall ownership sits with the 'Jayashree Group',"Company traces to a 1997 technology-transfer project with Encoder Products Co. (EPC), USA -- engineers were trained directly by senior EPC technicians before localizing production in India.",PASS,"Manufactures its own optical encoders in-house using precision assembly/testing equipment built up since 1997; sells under its own JENCODER brand, not as a reseller of imported encoders.",PASS,Two related company websites (jencoder.com and jayashree-encoders.com) with direct phone/email and a named Bhosari plant address.,20,"Technology-transfer origin from a named US specialist (Encoder Products Co.) plus a self-described position as 'the largest encoder manufacturing company in India' with 100,000+ installations -- a credible, specific differentiation claim.",8,"Named engineering and marketing leads with 25+ years of focused single-product expertise, though no advanced-degree/ex-corporate pedigree was located.",8,"Encoders feed into elevators, wind turbines and industrial automation -- a broad, stable rather than explosively growing demand base.",8,"Actively maintained, multi-page website with recent (2025) content updates is the main activity signal found; no specific hiring/facility/funding news located.",10,"Precision assembly and testing infrastructure is described, but no specific ISO certificate number was found on the public site -- moderate rather than strong systems evidence.",8,"Multiple named functional heads (engineering, marketing, sales) under the umbrella 'Jayashree Group' suggest some leadership depth beyond a single founder, though no explicit succession story was found.",62,B,"Worth outreach -- the 1997 US technology-transfer origin story and claimed #1 domestic position are strong, verifiable-sounding hooks, though the formal ISO/quality-system evidence should be confirmed directly.","A company whose entire existence began with a 1997 'we don't want to just import encoders, we want to learn how to build them' decision -- training directly under a US specialist before localizing -- is a natural fit for Deep Thought's R&D-versus-execution framing.","jencoder.com; jayashree-encoders.com (About, Profile pages)"
Chaphekar Engineering Pvt. Ltd.,chaphekarengg.com,"MIDC Pimpri, Pune (plus Hinjewadi office)","Sheet-metal automotive assemblies, cargo bodies/tippers/containers for commercial vehicles, and (newly) EV chassis (L3/L5) and lead-acid batteries; 300,000+ load bodies manufactured to date",Rs.100-300Cr (estimate; described by the company as a 'multimillion-dollar' unit with 201-500 employees per LinkedIn -- larger than most peers in this list),Precision Auto Components & Engineering,A,Medium-High,Priority 1,Founded by the late Mr. Yeshwant Narayan Chaphekar (1958); now professionally managed (named contacts include hr1@chaphekarengg.com / sachin@chaphekarengg.com),"Founder began as a one-man press shop with limited formal education in 1958 and built it into a multi-product engineering unit; the company is now run by a professional management team rather than the original founder, though explicit family-succession details were not published.",PASS,Owns its manufacturing infrastructure including 'the biggest PT-CED [paint] plant for Load bodies'; describes backward integration into its own tool and die design rather than outsourcing.,PASS,Independent website plus a LinkedIn company page listing a verifiable Hinjewadi office address and active hiring posts.,20,"Self-described 'pioneers and biggest manufacturer of Load Bodies in India' with named single-source-supplier status to Mahindra & Mahindra for SUPD assemblies and a customer testimonial from Kubota Corp (India) -- specific, checkable claims, not generic copy.",8,"65+ years of continuous operation with named purchase/HR functional roles and IATF-style quality discipline; no individual founder/CEO pedigree (e.g., IIT/PhD) was found, so scored moderate rather than strong.",15,"Active, current diversification into EV chassis (L3/L5 category) and lead-acid battery manufacturing for the inverter/UPS market is a genuine, dated move into faster-growing adjacent segments.",15,"Two concrete signals: active hiring for a Purchase Head (15-20 years' experience) and Purchase Manager role, and explicit, recent diversification into EV chassis and batteries.",20,"ISO/TS 16949 certification (received from URS) across a 201-500 employee, multi-decade operation is a mature, independently verifiable systems stack.",8,"Company has clearly survived its founder (who has since passed away) and transitioned to professional management with named functional heads -- a real succession event, though the specifics of family versus non-family continuity were not published.",86,A,"Strong outreach candidate -- one of only three A-band companies found; named OEM relationship (Mahindra & Mahindra single-source supplier), live EV/battery diversification, and active senior hiring all point to a company actively scaling past its founding-era systems.","A 1958-founded, one-man press shop that grew into India's largest Load Body manufacturer, has already survived a founder transition, and is now hiring senior purchase leadership while pivoting into EV chassis and batteries -- this is a company mid-transition exactly where Deep Thought's 'institution builder' pitch lands hardest.","chaphekarengg.com (Overview, Sheet Metal, Truck Application pages); LinkedIn company page (job postings); Crunchbase company profile"
IndiTech Valves Pvt. Ltd.,inditechvalves.com,"Alandi Markal Road, Khed, Pune (plus an R&D facility in Hubli, Karnataka)","Custom-engineered control valves, PRDS (pressure-reducing and de-superheating) stations, and severe-service steam/process valves for power, oil & gas, steel, sugar and distillery plants",Unknown -- no figure found; estimated Rs.30-100Cr given a dedicated second R&D site and exports to 40+ countries,Industrial Sensors & Instrumentation,B,Medium,Priority 1,"Mr. Chandrashekhar Indi (Founder & Chairman); Mrs. Tanuja Indi (Director, Finance & HR)",Chandrashekhar Indi has 40+ years of valve-industry experience and built the company starting from servicing/repairing existing valve systems before moving into manufacturing; his wife Tanuja Indi serves as Director for Finance & HR -- a family-run leadership structure.,PASS,Operates its own manufacturing facility in Khed plus a dedicated R&D facility in Hubli; designs and engineers custom valve solutions in-house rather than reselling.,PASS,"Independent website with named founder/director bios, two physical plant addresses, and direct contact details.",20,"NPCIL (Nuclear Power Corporation of India) and Thermax Ltd. appear as named, quoted customers, alongside specific, dated project case studies (e.g., a PRDS station commissioned Oct 2018, a CFBC boiler valve set commissioned April 2022) -- this level of named-customer specificity is rare in the candidate pool.",8,"40+ years of deep domain expertise (founder) is real operator credibility, though not the IIT/PhD-style pedigree the rubric treats as 'strong'.",8,"Power, oil & gas, steel, sugar and distillery process-valve demand is broad and stable rather than a single hot-growth vertical.",8,"A dated 2024 international project (Sri Lanka, per a customer testimonial) and an active, dedicated R&D facility are the clearest signals found; no headcount/facility-expansion figures were located.",20,ISO 9001 and CE certification plus a standalone R&D facility (Hubli) separate from the manufacturing plant is a genuinely mature systems investment for a company this size.,8,"Husband-and-wife leadership team with a named Director for Finance & HR shows some structural depth beyond a single founder, though no next-generation or outside-director signal was found.",72,B,"Strong outreach candidate -- the named NPCIL/Thermax customer relationships and dated, specific project case studies make this one of the more independently verifiable companies in the B-band.","A founder who built the business by first repairing other companies' valve problems before manufacturing his own -- and now supplies NPCIL and Thermax with named, dated projects -- is a strong 'earned credibility the hard way' story that maps well onto Deep Thought's R&D-vs-execution narrative.","inditechvalves.com (About Us, Control Valves, Contact pages, customer testimonials)"
Integral Process Controls India Pvt. Ltd. (IPC Valves),integralprocess.co.in,"MIDC Bhosari, Pune (plus a separate Valve Automation Division in Bhosari)","Gate, globe, check, ball, butterfly and plug valves plus valve-automation packages (pneumatic/electric actuators) for chemical, oil & gas, power and pharma process industries","Unknown -- no figure found; estimated Rs.30-100Cr given 550+ active customers and 50,000+ field installations claimed",Industrial Sensors & Instrumentation,B,Medium,Priority 1,Mr. Venkatesh D. Tammannavar (named senior commercial lead); company founded by a group of technocrats in 2001,Founded in 2001 by a group of engineers with a combined 30+ years of industrial-valve production and marketing experience rather than a single celebrity founder.,PASS,"Operates a dedicated manufacturing facility plus a separate Valve Automation Division for actuators in Bhosari; describes in-house design, casting-to-assembly production rather than trading.",PASS,"Independent website with named commercial contacts, two physical addresses, and direct phone numbers.",20,"Named, blue-chip customers (BASF India, Syngenta India, Reliance Industries) plus a real certification stack (API 600, API 6D, ISO 9001:2015) -- specific and independently checkable.",8,"Technocrat founding team with 30+ years combined experience, but no individual pedigree (degree, prior company) beyond general claims was located.",8,"Chemicals, pharma, oil & gas and power-sector valve demand is broad and durable but not a single fast-growth niche.",8,"Stated growth from an initial pneumatic/electric ball-and-butterfly-valve range to 550+ customers and 50,000+ installations today is a real (if undated) expansion story; an actively posted LinkedIn/blog presence (2023-24 content) is the clearest recent activity signal.",20,"A genuinely extensive certification stack -- API 600, API 6D, ISO 9001:2015, ISO 29001:2010, ISO 18001:2008 -- is unusually thorough for a company of this size.",8,"Multiple named senior commercial/technical staff (Venkatesh Tammannavar, Krunal P.) suggest a leadership team beyond a single founder, though no explicit succession plan was found.",72,B,"Strong outreach candidate -- the named blue-chip customer list (BASF, Syngenta, Reliance) and unusually deep certification stack are the standout evidence here.","A company founded by a group of engineering technocrats (not a single founder-figure) that has scaled to 550+ customers and an API/ISO certification stack most peers this size don't bother pursuing is a good fit for a 'team that already builds systems, needs help scaling the next layer' conversation.","integralprocess.co.in (Home, Company Profile pages); in.linkedin.com/company/ipcvalves"
Smartsaa Instruments (I) Pvt. Ltd. / SMARTsaa,smartsaa.co.in (also smartsaa.com / smartsaa.net),"Bhosari MIDC, Pune","Safety pull-cord switches, level switches, proximity sensors, and a newer wireless Bluetooth vibration/temperature sensor for predictive maintenance",Unknown -- no figure found; estimated Rs.<30Cr,Industrial Sensors & Instrumentation,C,Low-Medium,Backup,"Mr. Akshay Belhe (Director, current entity); company describes itself as an associate of the longer-established Protocontrol Instruments (I) Pvt. Ltd.","Public records show some structural ambiguity: one IndiaMART listing shows the current 'Smartsaa Instruments (I) Private Limited' entity established in 2022, while the SMARTsaa product brand and its associate company Protocontrol date back to 1987 -- consistent with a corporate restructuring rather than two unrelated companies, but this was not fully confirmed.",PASS,"Operates its own factory in Bhosari Industrial Area with production floor, QC department and field-engineering team; SMARTsaa is described as a manufacturer, distributor and exporter, with its own engineered products (not pure resale).",PASS,Multiple active websites with direct contact details and a named Bhosari factory address.,20,"A wireless, Bluetooth-enabled, AI-ready vibration and temperature sensor is a genuinely current (not legacy) product, and the company's switches are explicitly benchmarked against (and offered as equivalents to) Turck, Omron, IFM, Balluff, Banner and Pepperl+Fuchs -- a specific, checkable competitive claim. CMRS Dhanbad hazardous-area certification adds a real regulatory differentiator.",8,"Recommended by name on its own materials by Mecon Ltd., NTPC and NPCIL -- credible if unverified third-party validation, though no individual founder pedigree was located.",8,"Industrial safety switches and predictive-maintenance sensors sit in a steady, moderately growing automation/safety compliance niche.",8,The wireless vibration/temperature sensor appears to be a recently introduced product line -- a product-innovation signal -- though no hiring/facility/funding news was found.,10,"A predecessor entity is referenced as ISO 9001:2000-certified, but no current, dated certificate for the present corporate entity was verified -- moderate rather than strong evidence.",0,"The corporate-structure ambiguity (new 2022 entity vs. 1987-origin brand/associate company) was not resolved, and no individual succession story was found.",54,C,"Borderline, with a documented caveat -- the underlying engineering (wireless AI-ready sensors, PSU client references) is genuinely interesting, but the corporate-entity ambiguity should be cleared up in a first call before assuming which legal entity Deep Thought would actually be engaging.","A 1987-origin instrumentation maker that has recently built a Bluetooth/AI-ready wireless vibration sensor -- explicitly benchmarked against Western brands like Turck and IFM -- while apparently restructuring its corporate entity in 2022, is a company actively reinventing itself technically faster than its formal structure has caught up.","smartsaa.co.in; smartsaa.com (About Us, Vibration Sensors pages); IndiaMART company profile"
Pune Instrumentation Pvt. Ltd. (PIPL),puneinstrumentation.in,"Bhosari, Pune","Custom-engineered centrifugal-casting machines (AC2M500 series), hydraulic snubber test benches, and specialised medical instrumentation under contract for healthcare, power, chemical-polymer, automotive and oil & gas customers",Unknown -- no figure found; estimated Rs.<30Cr given small team size reported by third-party data providers,Industrial Sensors & Instrumentation,B,Medium,Priority 2,Mr. S. Gopala Krishnan and founder-promoters with a stated 'technology and business' background,"Self-described founder-promoters with combined expertise in machine design, robotics and Six Sigma consulting; no further individual biographical detail was found.",PASS,Designs and manufactures its own centrifugal-casting machines and test benches; explicitly describes a 38-42-year track record of 'customized Application Development' rather than reselling third-party equipment.,PASS,"Independent website, LinkedIn page, and a named Bhosari plant address (Plot No. 47, Sector 7, PCNTDA).",20,"ISO 13485 certification (the medical-device-specific quality standard, materially harder to obtain than plain ISO 9001) plus a named, repeatable product line (the AC2M500 centrifugal casting machine series) used by customers who have themselves won quality awards on output cast on PIPL's machines -- specific, checkable differentiation.",8,"Founder-promoters explicitly cite a 'Technology & Business' background and Six Sigma consulting expertise, though no named individual credential (degree, prior employer) was found.",8,"Diversified across healthcare, power, chemical-polymer, automotive and oil & gas -- broad, stable demand rather than one fast-growth niche.",8,"Customer-quality-award testimonials and a continuously cited '38 to 42 years' track record (varying across listings, suggesting incremental updates over time) are the only activity signals found; no specific hiring/facility news was located.",20,"Dual ISO 9001 and ISO 13485 certification is a genuinely mature, regulated-industry-grade systems stack.",0,"Founder-promoters are referenced collectively; no named second leader, family member, or professional director was identified.",64,B,"Worth outreach -- the ISO 13485 medical-device certification is an unusually strong, checkable differentiator for a company this size and should be the lead hook.","A 40-year-old custom-engineering shop holding ISO 13485 (medical-device-grade) certification, whose own customers have won industry quality awards using its centrifugal-casting machines, is quietly more sophisticated than its modest public profile suggests -- a good candidate for 'help us tell our own story as well as we build our products.'","puneinstrumentation.in; indiamart.com/puneinstrumentation (About Us, Profile pages)"
Rockway Weighbridge Technologies,rockwayweighbridges.com,"Viman Nagar, Pune",Electronic truck/vehicle weighbridges (5 to 200 tonnes) using a proprietary 'floating weighbridge' design that isolates load cells from vehicle braking/acceleration forces,Unknown -- no figure found; estimated Rs.<30Cr,Industrial Sensors & Instrumentation,C,Low-Medium,Backup,Mr. Sudhanshu Gupta (Managing Director & CEO),No independent profile found beyond the company's own materials.,PASS,Operates an in-house R&D division and describes designing and manufacturing its own weighbridge structures rather than reselling imported units.,PASS,"Independent website, named MD, and a Viman Nagar office address.",10,"A genuinely proprietary 'floating weighbridge' design (isolating load cells from braking/acceleration forces) is a real engineering claim, but it is a narrow product-level differentiator rather than a broader capability moat, and no patent/certification documentation was found.",8,"MD-led with an in-house R&D division, but no individual technical pedigree or systems-building track record beyond the company's own product claims was found.",8,"Construction, steel and ready-mix-concrete weighbridge demand tracks India's infrastructure capex cycle -- a moderate, government-policy-linked tailwind.",8,Government 'Ministry of Civil Supplies and Consumer Affairs' approval across its product range and multiple named customer testimonials are the activity signals found; no dated hiring/facility/funding news was located.,10,"Government weighbridge-model approval is real regulatory evidence, but no formal ISO/quality-management certification for the company itself was found.",0,"Single named MD/CEO; no co-founder, family member, or professional director identified.",44,C,"Borderline -- worth a light-touch follow-up given the genuine engineering differentiation, but the company has the thinnest public systems/succession evidence of the B/C-band group.","A government-approved weighbridge maker built around one real, named piece of proprietary engineering (the 'floating' isolation design) but with very little public evidence of formal systems or a leadership bench beyond its CEO is worth probing on the 'how do you protect and scale that one good idea' angle.","rockwayweighbridges.com; rockwayindia.com (About, Our Professional pages); IndiaMART company profile"
Siddhalaxmi Engineering Industries Pvt. Ltd.,siddhalaxmi.com,Pune (HQ) with four manufacturing plants across India,"Investment castings (including nickel- and cobalt-base superalloys), precision machining and forging assemblies for automotive, defence, aerospace, marine and oil & gas customers","Unknown -- no figure found; estimated Rs.30-100Cr given four plants but a reported headcount of only ~30-46 employees (RocketReach), suggesting a capital- rather than labour-intensive operation",Precision Auto Components & Engineering,B,Medium,Priority 2,Mr. Vinay Magdum (Managing Partner); founded in 1967 by the late Mr. D.N. Anjikar,"Founded in 1967 by D.N. Anjikar; now run by Managing Partner Vinay Magdum, described as a 'family-owned, professionally managed' company -- a transition from founder to professional leadership, though the exact family/non-family relationship of current leadership to the founder was not confirmed.",PASS,"Operates four owned plants with its own foundries, testing labs, and CNC/VMC machining centres; describes pouring 100+ ferrous and non-ferrous alloys in-house, including nickel- and cobalt-base superalloys.",PASS,"Independent website with a named Managing Partner, LinkedIn presence, and physical plant addresses.",20,"Capability to cast nickel- and cobalt-base superalloys (materials typically associated with aerospace/defence-grade work) and named testimonials from a Purchase Manager at a defence company and a Naval Architect at an aerospace company are specific, checkable, high-bar differentiators.",8,"In-house experts in Materials Science & Metallurgy, Mechanical Engineering, and Project Management with decades of cumulative experience, though no single named technical pedigree (PhD, IIT) was found.",8,"Defence/aerospace/marine casting work is a durable, moderately growing niche tied to India's defence-indigenisation push, though the company also serves slower-growth general-engineering segments.",8,Four operating plants (implying past expansion) and multiple recent customer testimonials are the activity signals found; no specific dated 2024-2025 expansion or hiring news was located.,10,"APQP (Advanced Product Quality Planning, an automotive-standard process) and an on-site CMM metrology lab are described, but no specific ISO certificate number was independently verified on the public site.",8,"Explicit transition from a single 1967 founder to a current professional Managing Partner is real succession/governance evidence, even though the precise nature of that transition (family vs. non-family) was not confirmed.",62,B,"Worth outreach -- the nickel/cobalt superalloy casting capability and named defence/aerospace customer testimonials are unusually strong, specific differentiators for a company in this segment.","A 58-year-old foundry that has quietly moved from general castings into nickel- and cobalt-base superalloys for defence and aerospace customers -- and has already transitioned from its 1967 founder to professional management -- is a strong fit for a 'you've already done the hard part once, let's formalize it for the next stage' pitch.","siddhalaxmi.com (About Us, Process Capabilities pages); in.linkedin.com/company/siddhalaxmi-engineering-industries-private-limited; RocketReach company profile"
Varad Forge Pvt. Ltd.,varadforge.com,"Karegaon, Shirur, Pune district (Ranjangaon MIDC)","Hot-forged engine, suspension, transmission and hydraulic components for automotive and oil & gas customers",Unknown -- no figure found; estimated Rs.30-100Cr given a multi-year operating history and ISO/TS automotive certification,Precision Auto Components & Engineering,C,Low-Medium,Backup,"Not individually named in public sources; incorporated as a private limited company in Jan 2011, with operations starting in 2013","No individual founder/promoter profile was located; company timeline (incorporated 2011, operational 2013) is documented on its own Facebook page.",PASS,"Operates its own forging plant in Ranjangaon MIDC (Shirur taluka, Pune district) with described tooling-design and metal-flow engineering capability -- producer language, not reseller.",PASS,Independent (if dated-looking) website with a named plant address and direct contact details.,10,"Forged engine/suspension/transmission components for automotive and oil & gas is a real but fairly standard capability set; no named OEM client or unique process/IP claim was found, so scored moderate rather than strong.",8,"No individual leadership pedigree found, but the company achieved ISO 9001 certification within one year of starting operations -- a genuine early systems-discipline signal.",8,"Auto-component forging is a steady, PLI-adjacent segment with moderate rather than standout growth.",8,"No dated 2024-2025 growth signal (hiring, expansion, certification renewal) was found; the company's own website appears not to have been substantially updated in several years.",20,ISO/TS 16949:2009 (automotive-specific certification) achieved quickly after start-up is a meaningfully mature systems claim for a company this size.,0,"No named leadership, family structure, or professional director was identified anywhere in public sources.",54,C,"Borderline -- the early, fast ISO/TS 16949 certification is a genuine positive signal, but the near-total absence of named leadership and any recent activity evidence means this should sit lower in the outreach queue than other B/C-band names.","A 2011-incorporated forging shop that earned its automotive-specific ISO/TS 16949 certification within its first operating year, but has almost no public footprint beyond that, is worth a short verification call before deciding how much personalization effort to invest.","varadforge.com (Home, Quality pages); company Facebook page (incorporation/operations timeline); ZoomInfo company profile"
N.R. Enterprises (NRE),nrentp.net,"Karvenagar, Pune","Load cells, torque transducers, weighing and force-measurement systems, and custom special-purpose test rigs (e.g., bearing torque, pin-press-force, endurance testing)",Rs.<30Cr (confirmed: Rs.1.5-10Cr per ZoomInfo/IndiaMART turnover bands -- the smallest confirmed revenue figure in this list),Industrial Sensors & Instrumentation,C,Medium,Backup,Mrs. Shraddha Kashikar / Mr. Siddharth Joshi (named contacts across different listings),"No independent profile found; appears to be a small, owner-operated firm.",PASS,"Designs and manufactures its own load cells, torque cells and custom test rigs in-house, including bespoke special-purpose machines built to named customer specifications -- clear producer, not trader, evidence.",PASS,Independent website (also nre.co.in) with direct phone/email and a named Karvenagar address.,10,"Custom special-purpose test rigs built for named major industrial clients (Tata Motors, Cummins India, SKF India, Larsen & Toubro, Jindal Saw, Eastern Coal Fields, Western Railway) show genuine custom-engineering capability, though the company itself remains a very small organisation.",8,"No individual technical pedigree found, but the company has secured and apparently retained a roster of large, credible industrial clients despite its small size.",8,"Force/weighing measurement for automotive, rail and industrial testing is a stable, moderate-growth niche.",8,"Export markets spanning Bangladesh, USA, Indonesia, Turkey and Singapore are a real, if modest, growth/diversification signal; no hiring or facility-expansion news was found.",20,"Triple ISO certification (9001, 14001, 45001) is a notably mature systems investment for a company with a confirmed turnover of only Rs.1.5-10Cr -- this over-indexing relative to size is itself a meaningful signal.",0,"Small, apparently owner-operated structure with no named succession or board depth found.",54,C,"Borderline -- genuinely interesting because of the gap between its tiny confirmed revenue and its blue-chip client list (Tata Motors, Cummins, SKF, L&T) plus triple-ISO certification; worth a verification call to understand why such a well-systematised small company hasn't scaled further.","A company with a confirmed turnover of well under Rs.10Cr, but a client list that includes Tata Motors, Cummins, SKF and L&T plus three separate ISO certifications, is almost the inverse problem Deep Thought usually solves -- the systems and credibility already exist; something else (sales capacity? capital? leadership bandwidth?) is capping growth, which is worth asking about directly.","nrentp.net; nre.co.in (Special Purpose Machines, Quality pages); ZoomInfo and IndiaMART company profiles"
Jaycee Technologies Pvt. Ltd.,jayceetech.net,"Shivane, Pune","Level switches and transmitters (RF admittance, capacitance, ultrasonic), flow meters and moisture-measurement instruments for cement, power, process, mineral and textile industries",Unknown -- no figure found; estimated Rs.<30Cr,Industrial Sensors & Instrumentation,C,Low-Medium,Backup,Mr. Abnue K. Jalali (Managing Director),32 years of domain experience per the company's own materials before founding the company in 2000; no independent profile found.,PASS,"Manufactures its own range of level/flow instruments using RF admittance, capacitance and ultrasonic sensing technologies; describes itself as manufacturer, exporter and supplier, not a pure trading house.",PASS,"Independent website with named MD, direct phone numbers, and a named Shivane plant address.",10,"A reasonably wide instrument range (RF admittance, capacitance, ultrasonic level sensing) shows real engineering breadth, but no named major customer or proprietary-technology claim comparable to other instrumentation peers on this list was found.",8,"32 years of stated domain experience before founding the company is credible operator depth, though unverified beyond the company's own claims.",8,"Cement, power and process-industry level/flow instrumentation is a stable, moderate-growth segment.",8,"General export claims ('across the globe') are the only activity signal found; no dated recent hiring/facility/certification-renewal evidence was located, so this should be treated as a 'verify before assuming current activity level' candidate.",10,ISO 9001-2008 and CE certification are real but dated; no evidence of a more current (post-2015) recertification was found.,0,"Single named MD; no co-founder, family member, or professional director identified.",44,C,"Borderline -- a legitimate, certified small instrumentation manufacturer, but with the weakest recent-activity evidence in the instrumentation sub-group; recommend a short verification call before investing in deep personalization.","A 25-year-old, founder-led instrumentation maker with a real (if dated) ISO/CE certification and a fairly broad product range, but very little visible recent digital activity, fits the profile of a business that may simply be under-marketed rather than under-performing -- worth a direct, low-cost outreach to find out which.","jayceetech.net (About Us, Level Switches, Contact pages)"
Craft and Technik Industries (CATI),craftandtechnik.com,"Dhayari, Pune","CNC-turned and VMC-machined precision components, and a recognised range of pulleys (idler, V-groove, poly-groove, crank adapters) for automobile, power-generation and industrial-refrigeration customers","Rs.<30Cr (estimate; SignalHire lists revenue under $1M/~Rs.8Cr, consistent with the 17-100 employee range reported across sources)",Precision Auto Components & Engineering,B,Medium,Priority 2,Mr. Prashant Umbrani (Founder),No independent profile found beyond the company's own materials.,PASS,"Operates its own 14,000 sq ft CNC/VMC machining facility with in-line air-plug-gauge inspection; describes itself as 'a leading manufacturer of pulleys in India,' not a reseller.",PASS,"Independent website with a named founder, direct phone, and a Dhayari plant address.",20,"ISO/TS 16949:2016 (automotive-specific certification) combined with a stated tolerance capability of +/-0.0002 inch and exports to the UK and USA is a specific, verifiable technical claim well above generic job-shop marketing.",8,"No individual technical pedigree found beyond the founder's name, but the ISO/TS 16949:2016 certification and climate-controlled precision facility show real systems investment.",8,"Automobile, power-generation and refrigeration-component machining is a stable, moderate-growth, PLI-adjacent niche.",8,Exports to the UK and USA are the clearest activity signal; no dated 2024-2025 hiring/facility news was found.,20,"ISO/TS 16949:2016 certification plus a described in-line inspection regime (air plug gauges, standard plug gauges) is a genuinely mature quality system for a sub-Rs.30Cr company.",0,"Single named founder; no co-founder, family member, or professional director identified.",64,B,"Worth outreach -- the combination of automotive-grade ISO/TS 16949:2016 certification and a +/-0.0002 inch tolerance claim, for a company with revenue likely under Rs.30Cr, suggests a founder who has over-invested in capability relative to current scale -- a strong fit for an execution/scaling conversation.","A sub-Rs.30Cr machining shop holding the same automotive-grade ISO/TS 16949:2016 certification that much larger Tier-1 suppliers carry, while exporting to the UK and USA, looks like a founder who has already 'over-built' the technical side and is now constrained by something else -- sales, systems, or people.","craftandtechnik.com (CNC Turning, About Us pages); SignalHire and EasyLeadz company profiles"
Sensography International,thermocouplertd.co.in,"Bhosari MIDC, Pune","Temperature sensors (thermocouples, RTDs, PT100/PT1000), industrial thermowells, level switches and signal isolators for forging, pharmaceutical, petroleum and automation industries",Unknown -- no figure found; estimated Rs.<30Cr,Industrial Sensors & Instrumentation,C,Low-Medium,Backup,Mr. V.D. Shivle (CEO),"No independent profile found beyond the company's own materials, which claim 33 years of 'rich experience' behind a company founded in 2010.",PASS,"Manufactures its own range of temperature sensors, thermowells and connectors at a Bhosari facility; describes itself as a manufacturer and exporter, not a trading house.",PASS,"Independent website with a named CEO, direct phone, and a Bhosari plant address.",10,A broad temperature-sensor and thermowell product range is real but falls closer to a commodity instrumentation category than a clearly differentiated niche; no named major customer or proprietary technology claim was found.,8,"ISO 9001:2015 certification and a 33-year claimed background show some systems investment, though no individually verifiable pedigree was found.",8,"Forging, pharma, petroleum and automation-sector temperature sensing is a stable, moderate-growth segment.",8,"No dated recent (2024-2025) hiring, facility or financial signal was found; a corporate video and product catalogue are the only activity evidence located.",10,"ISO 9001:2015 certification is confirmed, but no further systems evidence (ERP, ISO 17025 lab, etc.) was found.",0,"Single named CEO; no co-founder, family member, or professional director identified.",44,C,"Borderline -- a legitimate, ISO-certified small temperature-sensor manufacturer, but the most commodity-leaning product category in this research pass; recommend ranking below other C-band peers with more specific differentiation.","In a temperature-sensor category with many similar competitors, this company's main differentiator is its 33-year claimed legacy rather than a specific product or client story -- worth probing in a first call for what, specifically, makes their thermowells or RTDs different.","thermocouplertd.co.in (Home, Temperature Sensor, Corporate Video pages)"
Precision Weighing Systems,electronicweighbridges.co.in,"Bibvewadi, Pune","Electronic truck/vehicle weighbridges, axle weighbridges, weighing pads and crane scales",Unknown -- no figure found; estimated Rs.<30Cr,Industrial Sensors & Instrumentation,C,Low,Backup,Mr. Pradeep Rastogi (Founder),"No independent profile found beyond the company's own materials, which cite ~25 years of weighbridge-industry experience.",PASS,"Describes designing, producing and supplying its own weighbridge equipment; note that the company's own marketing repeatedly self-describes as a 'manufacturer, trader and exporter,' which is a softer producer claim than peers who describe themselves purely as manufacturers.",PASS,"Independent website with a named founder, direct phone, and a Bibvewadi address.",10,"Standard weighbridge product range with no specific proprietary design claim (unlike the Rockway Weighbridge entry on this list, which cites a named 'floating' design) and no certification beyond general quality language was found -- this is the most commodity-leaning weighbridge maker identified.",8,"~25 years of stated industry experience is credible operator depth, though the repeated 'manufacturer, trader and exporter' self-description across product pages suggests at least partial trading activity alongside manufacturing.",8,Construction/logistics weighbridge demand tracks the same moderate infrastructure tailwind as other weighbridge makers on this list.,8,"No dated recent signal (hiring, facility, certification, funding) was found.",10,"General quality-control language is present, but no specific ISO certificate or regulatory approval (unlike Rockway's Ministry approval) was verified.",0,"Single named founder; no co-founder, family member, or professional director identified.",44,C,"Borderline, lowest-confidence weighbridge candidate -- recommend Rockway Weighbridge Technologies (also on this list) as the stronger of the two weighbridge candidates if Deep Thought can only pursue one in this product category, given Rockway's named proprietary design and regulatory approval.",Largely a commodity weighbridge competitor to Rockway Weighbridge Technologies (also in this list); worth a quick qualifying call to check for any non-public differentiation before committing outreach time.,"electronicweighbridges.co.in (About Us, Our Team pages); precisionweighingsystems.com"
S R Auto Parts,srautoparts.in,"Bhosari Industrial Estate, Pune (three manufacturing units)","Forged and machined axles, transmission shafts, gears, steering knuckles and rotary-tilling shafts for automotive customers","Unknown -- no figure found; estimated Rs.30-100Cr given three operating units, though this should be confirmed (a similarly named but seemingly unrelated Delhi-based wholesaler also appears under 'SR Auto Parts' on LinkedIn, which was excluded from this assessment)",Precision Auto Components & Engineering,C,Low-Medium,Backup,Mr. Hira Riyat (Proprietor),No independent profile found; founded in 1985/86 per IndiaMART/TradeIndia listings.,PASS,"Operates three named manufacturing units in Bhosari MIDC, describing forged-and-machined component production rather than trading.",PASS,"Independent website with a named proprietor, multiple direct contacts, and three named plant addresses.",10,"Real, specific forged-component product range (axles, steering knuckles, transmission shafts) but no named major OEM customer, certification, or proprietary process was found.",8,"40-year operating history under a single proprietor with three operating units shows real staying power, though no formal certification or named technical pedigree was found.",8,"Forged auto-component demand is a steady, PLI-adjacent segment.",8,Operating three separate units (implying past expansion over the decades) is the only growth-adjacent signal found; no recent (2024-2025) dated activity was located.,10,No formal ISO/quality certification was found in public sources; general quality-control language only.,0,Single named proprietor; no succession or additional leadership depth identified.,44,C,"Borderline -- a real, long-running operation, but with the thinnest formal-certification evidence in the auto-components sub-group; verify identity carefully given a similarly named entity appears elsewhere with different (Delhi) contact details.","A 40-year-old, proprietor-led forging operation that has organically grown to three separate units without (as far as could be found) any formal quality certification is a classic 'built on relationships and reputation, not yet codified into systems' profile.","srautoparts.in (Home, Knuckles pages); tradeindia.com and justdial.com listings"
H C & Company,hcandcompany.com,"MIDC Bhosari, Pune","Heavy-duty precision-machined industrial shafts, rolls, bushes, forged dies and shrink-fitted rolls for steel, defence, automobile, cement and sugar-industry customers, including imported European (DEW/Metal-Ravne) specialty die-steel rolls",Unknown -- no figure found; estimated Rs.<30Cr (ZoomInfo lists 11-25 employees),Precision Auto Components & Engineering,C,Low-Medium,Backup,Not individually named in public sources; structured as a partnership firm established in 1995,No individual partner profile found.,PASS,"Operates its own heavy-machining facility in Bhosari MIDC with a 5-ton overhead crane, CNC horizontal boring machines, and retrofitted FANUC-controlled lathes; takes on tailor-made job work, but also manufactures and exports its own standard product range (shafts, rollers, bushes) -- E1 passes on the strength of the standard product line even though job-work is also offered.",PASS,Independent website with direct contact details and a named Bhosari plant address.,10,"Sources specialty European D2 die-steel (named brands DEW and Metal-Ravne) for its mill rolls -- a specific, checkable material-sourcing claim -- but no formal certification or named major customer was found.",8,"30-year operating history with a described, named machine list (CNC lathes retrofitted with FANUC controls) shows real reinvestment, though no individual technical pedigree was found.",8,"Steel, defence and sugar-industry mill-roll machining is a stable, niche, infrastructure-linked segment.",8,"No dated recent (2024-2025) hiring, facility or certification signal was found.",10,"Described material-handling and machining infrastructure is real, but no formal ISO/quality-management certification was found.",0,Partnership structure with no named individual partners or succession signal found.,44,C,"Borderline -- a real, specialised heavy-machining shop with a genuine niche (mill-roll machining using imported European die-steel), but thin on certification and leadership-depth evidence.","A 30-year-old partnership firm that imports specialty German/Slovenian die-steel for niche steel-mill-roll machining work, serving sectors as varied as defence and sugar processing, but with no visible formal quality certification, suggests deep technical know-how that has not yet been codified into a sellable 'system.'","hcandcompany.com (Heavy Machining, Job Work, Industrial Mill pages); ZoomInfo company profile"
Infinity Automation Systems Pvt. Ltd.,infinityautomation.co.in,"Tathawade, Pune","Custom assembly lines, Andon systems, leak-testing machines, and CMM inspection services for auto-component, automobile, rubber and nylon-industry customers, with an in-house NI LabVIEW software development team",Unknown -- no figure found; estimated Rs.<30Cr,Industrial Sensors & Instrumentation,C,Low-Medium,Backup,Mr. Sandeep Dhage and Mr. Vijay Nandurkar (Directors),No independent profile found; company founded in 2006.,PASS,"Designs and builds its own assembly lines, leak-testing machines and software (in-house NI LabVIEW development team); offers CMM inspection as a complementary service, not as its core business.",PASS,"Independent website with two named directors, direct contact details, and a Tathawade plant address.",10,"An in-house NI LabVIEW software development team building custom assembly/testing automation is a genuine technical capability, but no named major customer or formal certification was found.",8,"Two named co-directors with a stated 'one-stop solution' integrated-delivery model show some operational sophistication, though no individual pedigree was found.",8,"Auto-component and rubber-industry test/assembly automation is a stable, moderate-growth segment.",8,"Active, dated participation in named 2025-2026 trade events (Analytica Lab India 2026, India Rubber Expo, Rubber Factory Conference 2025) is a real, checkable recent-activity signal.",10,"In-house software development and stated quality-control norms are real, but no formal ISO certification was found.",8,"Two named co-directors running the company together is moderate leadership-depth evidence, though no family-succession or outside-director signal was found.",52,C,"Borderline -- the in-house software-engineering capability and recent, dated trade-show participation are genuine positives, but overall systems/certification evidence remains thin.","A company with its own dedicated NI LabVIEW software team building custom test automation, actively exhibiting at named 2025-2026 industry events, but apparently still running without a formal ISO certification, looks like an engineering-led team that has out-grown its original informal structure.","infinityautomation.co.in (About Us, Traceability System pages); infinityautomations.com (trade-show listings)"
BR Instrumentation & Controls,brinstrumentation.co.in,"Bhosari MIDC, Pune","Electromagnetic and ultrasonic flow meters, IoT data loggers/telemetry devices, digital water-level recorders (DWLR) and control panels for water/wastewater, sugar, chemical and pharma industries",Unknown -- no figure found; estimated Rs.30-100Cr given multi-country export footprint and named large industrial/government clients,Industrial Sensors & Instrumentation,B,Medium,Priority 2,Mr. Bipinchandra Chaudhari (Founder),No independent profile found beyond the company's own materials; founded in 2009.,PASS,"Manufactures its own range of flow meters and control panels at a Bhosari facility using numerically-controlled machinery and an in-house testing unit; explicitly positions itself as manufacturer first ('design, manufacturing, supply and integration').",PASS,"Independent website with a named founder, direct phone, and a Bhosari plant address.",20,"Products are independently certified to ISO 4064:2014 (the international flow-meter standard) and CPCB-approved (India's Central Pollution Control Board) -- a specific, regulator-grade certification that is a genuine differentiator versus uncertified competitors in the same flow-meter category.",8,"Founder-led with a described NC-machinery production facility and named major clients, though no individual technical pedigree beyond company materials was found.",15,"Water-quality and effluent-flow monitoring sits squarely on a strong, dated regulatory tailwind -- CPCB and CGWA (groundwater authority) compliance mandates for industrial water/effluent monitoring in India have been tightening, directly driving demand for exactly this company's CPCB-approved and CGWA-compliant product lines.",8,"Export footprint into the Middle East (UAE, Saudi Arabia, Kuwait, Bahrain, Qatar, Oman, Jordan) alongside multiple Indian cities, plus named recent project wins, are real growth signals, though no specific dated 2024-2025 event was confirmed.",20,"ISO 4064:2014 plus CPCB approval and CGWA-compliant product design together represent a genuinely mature, regulator-tested systems stack for a company this size.",0,"Single named founder; no co-founder, family member, or professional director identified.",71,B,"Strong outreach candidate -- named blue-chip and government clients (Cummins India, Deepak Nitrite, Lloyds Pipes, Mangalore Refinery, Volkswagen) combined with regulator-grade certification (CPCB, ISO 4064) make this one of the better-evidenced B-band companies.","A 16-year-old flow-meter and water-monitoring manufacturer riding India's tightening pollution-control compliance mandates, already exporting across the Middle East and serving named clients like Cummins and Mangalore Refinery, is a company whose market tailwind is real and dated, not assumed -- a strong opening hook for a growth-execution conversation.","brinstrumentation.co.in (Profile, Application pages); brinstrumentation.com; exportersindia.com listing"
